ID,aesthetic_score
33956,63
44753,3
43124,48
51287,50
13943,33
43133,42
4675,17
15759,3
46237,72
54363,52
34880,27
46638,42
40806,17
35164,25
20649,76
20965,84
9900,48
49486,29
30587,76
26028,74
40388,7
35841,99
1648,4
40267,78
25152,98
6153,42
20417,32
39441,61
41738,14
4995,19
25457,46
8515,33
11154,48
31782,5
34782,3
37330,9
12340,74
15612,81
6985,20
51550,92
5079,90
43521,59
16992,69
44723,84
22961,76
4879,58
52104,40
13700,5
17991,5
11627,31
18467,74
37504,31
49766,36
10503,56
16807,20
42116,59
14082,5
2862,81
5690,37
32284,25
51663,57
49465,63
733,31
28603,48
30591,59
3654,88
31729,18
26482,49
20290,54
8242,84
1204,91
2117,1
32100,22
42924,26
12991,65
17698,96
29150,81
13706,62
20299,34
38114,42
5447,59
2006,36
20581,40
1825,1
15237,68
13703,93
11545,100
11302,24
36277,88
50253,71
30662,10
22808,5
39124,88
50315,96
14143,97
24800,13
35766,74
9884,98
50047,37
16470,51
51573,32
43488,13
22852,82
35932,75
23134,60
6606,58
41624,27
51761,7
4323,44
35776,56
28890,65
23919,44
23507,42
503,6
1601,16
45483,79
529,15
42693,91
20051,60
34583,89
54405,6
11828,47
33447,12
30780,91
5796,96
44009,82
317,34
623,28
33388,6
22556,89
10466,99
21820,37
8482,65
42262,3
44152,24
10116,73
14784,93
35696,57
41809,84
49613,93
11460,26
24587,4
51975,73
6582,5
18019,56
33652,6
29059,90
16617,53
8913,73
9509,14
44183,27
41368,26
22262,80
54322,90
31024,48
47607,60
30478,44
26367,48
42772,16
35472,30
2982,60
5551,81
39111,94
7407,59
4669,88
32733,29
51798,44
42484,48
36753,51
43329,53
11858,100
11140,88
6473,13
24788,23
49322,48
28613,13
17750,21
37752,48
22752,76
50423,70
50729,11
26755,39
21668,44
23796,25
11444,61
20777,91
25625,53
8747,91
43136,85
44690,27
35989,94
34761,25
53354,53
50177,9
22436,24
50453,47
31196,88
28049,97
33448,40
38104,91
31056,6
17480,32
8614,86
22255,86
42564,59
36330,24
19585,57
11006,97
53300,60
11732,95
43915,57
21952,19
3019,68
37677,48
16630,12
50240,92
14441,79
49835,55
46549,75
26726,93
24232,67
29985,50
26943,15
50549,25
29224,98
37137,91
26130,72
50855,19
13848,26
37665,51
34485,67
25346,67
12707,94
33078,78
3864,29
45095,5
40679,87
40389,95
35117,8
1349,29
52984,6
32355,21
4758,48
15707,53
28398,22
218,19
34988,74
11441,55
52634,4
5560,14
31604,8
53198,88
16941,85
22237,50
49967,87
13569,51
39689,56
22007,51
10102,86
50166,22
25499,33
4789,67
51003,43
34676,54
17659,67
3090,52
22573,73
22952,86
54519,91
16641,1
35030,47
54513,54
25739,24
9990,29
51810,17
4180,16
16294,43
33755,24
46119,88
14106,30
26341,13
11747,83
45010,16
14688,28
39576,44
22968,97
42310,80
43186,61
42973,60
50174,64
43550,81
20653,92
46095,90
48473,18
33149,17
4277,4
30553,34
10913,75
45969,4
41079,35
8689,78
51735,49
6246,10
44542,11
23099,71
23753,10
54185,68
54343,17
4537,80
40733,21
42047,66
34500,40
22135,48
6292,55
19549,66
7331,20
27654,32
4989,21
34403,5
29139,80
51352,83
54268,75
34689,50
42656,58
34181,37
46344,84
52603,90
19579,67
12905,78
35789,1
47599,88
49727,7
26158,58
10271,60
33825,83
15774,62
18379,54
48187,54
20329,98
21711,14
10371,57
35771,43
47589,8
32037,30
12985,92
31807,11
47478,63
42212,47
18594,97
25420,100
35973,84
54382,50
50022,85
16123,88
37673,51
28962,53
17982,17
41903,66
15410,21
11270,95
39761,100
30454,91
26194,52
17245,35
9377,84
25311,9
11878,10
14540,63
26270,14
39231,99
29684,8
27407,58
36856,65
25912,49
28051,86
1420,39
49385,7
12276,19
2603,39
6571,75
3826,22
8592,45
9966,20
41877,29
26527,88
45745,60
16671,22
40890,49
6388,71
21613,28
29586,76
26245,55
35050,13
6899,14
36623,50
11665,3
25424,23
12431,36
38968,17
44737,76
23517,83
54587,11
53797,35
31198,1
34410,63
31648,22
27353,14
33582,87
22759,19
49290,11
19632,50
16079,74
36042,88
51965,37
47141,58
9886,26
53034,88
27400,5
24555,60
16443,25
13083,86
54516,78
2543,39
39172,57
9455,9
10532,59
36321,39
52675,6
44648,42
54021,51
26397,12
31717,16
46185,84
27799,79
1753,40
48667,83
38353,82
24220,73
46216,55
42783,3
12180,43
14079,79
30523,51
2129,62
6558,47
6559,61
42681,69
31057,25
37253,54
14425,45
21490,61
16691,98
34762,21
14138,71
36168,42
29508,75
18020,67
47419,18
46880,49
39173,86
25824,47
23862,42
28525,67
45172,62
18814,100
48270,37
5761,86
25840,80
12263,19
30515,36
3649,11
11886,94
33496,8
32815,37
36782,82
23871,8
47507,29
2103,72
32711,61
2062,99
13200,73
35956,72
12444,67
20362,60
8296,23
10225,19
2381,5
33468,62
53976,50
44390,61
31212,90
51462,88
5507,93
13666,41
34855,10
31160,72
28237,94
16777,18
23914,59
9570,96
23416,64
5793,88
2044,3
17317,9
29386,75
28919,83
12193,28
45519,17
27659,11
2311,98
8028,4
28915,89
46488,96
27198,36
6832,27
212,96
4118,89
51681,43
35995,65
6386,7
23155,43
52130,45
45909,13
34122,40
27472,58
1339,57
29334,31
9679,24
1580,44
12688,54
11393,59
20780,63
12768,72
11204,50
33236,28
52559,37
16388,31
455,52
30733,20
46659,9
8534,79
53460,50
43117,56
19405,40
26091,99
32111,71
42901,28
1015,1
5687,66
15188,49
45878,89
44924,9
39159,96
26109,9
53650,57
49919,31
6524,12
1552,1
40514,9
37757,75
26662,5
53470,19
18505,34
31404,16
40281,4
19471,31
4025,11
36130,93
2651,79
41145,10
7957,88
37675,53
52636,39
8499,50
46993,25
17885,58
22816,86
27995,12
23923,81
33216,73
30401,16
41200,66
23261,6
11264,31
5302,36
32352,4
29264,40
7362,15
14569,17
38209,91
8294,75
11330,52
26159,96
28231,73
25426,17
28080,19
49797,21
51136,5
44827,94
20517,10
9840,97
21485,1
12362,61
24965,97
36326,69
28876,95
4404,50
42614,61
368,76
1337,50
21545,3
33924,7
33621,89
26840,36
21996,38
28697,13
16531,76
43695,17
11290,35
40270,26
24981,49
31205,65
11553,53
36338,94
3529,27
51078,62
716,73
54117,21
59,40
48055,83
29352,62
39804,51
39070,55
13670,50
8285,85
17032,43
13646,60
19638,95
47716,33
19003,13
13488,62
45504,64
25733,40
8655,19
21014,18
28019,82
39909,78
12278,61
36685,31
53243,62
43053,46
51240,61
47740,64
36920,75
8579,5
37115,46
40225,96
1701,41
44355,49
10572,42
2643,45
43087,93
45428,31
17954,56
44504,8
1731,96
8715,13
30114,38
44898,93
50512,94
30621,72
30429,49
16625,36
29429,93
28973,60
50843,29
1715,60
35223,57
17601,51
50175,47
8612,52
53213,47
2166,57
13053,67
26861,47
45277,38
11624,17
49123,93
30317,20
47466,28
10287,24
50379,79
50053,57
16624,96
37890,38
46078,6
46456,63
34494,47
38356,75
7157,91
9332,84
9441,34
26791,30
32420,23
44273,2
49230,90
36737,73
18431,28
9746,69
22413,11
15397,95
626,30
26382,31
44505,51
3561,87
26378,98
14229,22
12566,100
48259,68
44983,29
29837,93
1935,4
53961,10
45196,17
25310,53
35422,56
46610,100
44464,39
43666,33
35625,16
32875,16
2899,36
23269,72
9133,23
34165,14
3209,75
45241,93
21382,100
49471,58
8396,65
53301,56
42945,90
25353,3
24633,36
9285,15
10512,44
16836,64
16603,1
24934,51
8818,39
49205,45
47913,13
12841,26
29231,50
32794,27
50642,48
11236,22
28054,64
28724,65
8621,100
4326,28
53419,6
26623,28
30109,94
12072,56
27810,55
39548,76
36917,60
13748,71
8477,22
5335,43
36062,29
44883,94
1336,78
9335,98
31889,9
29776,60
2118,66
37706,60
9303,22
47398,51
21234,99
49174,1
54300,48
23388,60
53685,49
20253,92
24878,23
52427,33
21524,6
49975,57
33907,85
34549,75
17126,49
7104,48
1421,28
14785,57
52672,80
7791,52
42015,100
48731,68
46023,43
8827,56
19223,25
7575,33
29048,84
22989,78
8891,94
49871,90
30901,92
5875,86
22617,98
15402,48
14905,94
17620,100
5438,17
32697,92
20786,39
34109,92
2868,4
6132,76
884,18
5759,19
39852,15
50263,80
2252,11
42890,79
29176,22
16550,38
44839,12
4405,1
35515,92
28916,39
36809,26
47169,48
23294,33
37958,31
27324,19
44877,49
34107,50
7576,30
2485,81
8714,73
6949,18
34116,31
10053,69
39893,36
26498,14
32682,17
17010,71
19743,97
47157,85
13761,36
34688,61
19514,87
3089,83
3797,86
5394,48
53428,70
18409,19
30118,17
15091,100
19990,7
29171,100
14870,22
21997,89
19826,34
50644,32
54140,32
27877,72
34931,67
27961,72
23457,11
42511,71
4146,9
3680,90
2025,70
27738,44
348,66
21137,95
45391,78
11076,89
19461,35
35387,32
49992,51
16199,52
44967,59
20864,31
54212,25
5443,72
23227,77
6073,80
1429,74
29422,5
34746,29
26269,65
25024,56
30572,71
31156,95
27486,41
51843,88
8076,7
50079,81
39679,34
41377,78
41463,7
43543,58
40898,56
39187,80
45714,38
6396,54
32452,96
39323,13
10358,37
34343,15
24832,59
24807,55
28505,34
375,30
23350,58
11680,81
7231,40
25723,69
28785,91
33579,12
6457,12
22797,63
27463,13
28143,70
36434,11
2684,50
17306,42
34511,91
31217,52
49218,68
4105,21
25813,54
36309,52
19521,56
43036,14
5871,89
40682,13
22623,17
7435,42
37223,50
48823,85
47853,95
23471,77
1728,57
32371,57
47462,49
35790,38
42605,9
26022,60
26504,58
33931,21
8139,63
31292,34
1716,34
1303,40
27093,63
24142,45
20728,20
51055,26
8042,80
367,10
37075,6
32964,36
6973,9
10041,52
52848,83
40698,23
31532,60
49494,9
41267,5
15318,95
3697,46
24572,96
8615,82
39482,47
3300,83
32279,23
2945,95
1520,30
38377,93
23258,31
36719,76
44995,35
43431,22
7742,1
16975,100
9406,42
31070,66
47285,74
6245,75
52670,28
14825,15
11079,26
20817,55
24644,96
51341,41
43751,9
22294,28
4788,34
52254,57
48676,62
9243,90
39480,18
24263,81
44052,8
36540,4
32011,66
33366,31
9462,65
24763,45
12482,58
14751,34
13006,27
39083,90
21877,61
19425,42
1741,97
45994,29
13592,90
1358,39
50623,93
20741,59
27983,36
20002,30
10283,34
9993,64
28075,15
1283,78
9141,29
29591,30
21039,40
51896,32
36534,24
30403,24
50737,38
47143,8
12285,81
48832,23
39183,20
2286,27
1810,8
33624,76
442,23
35589,63
21809,9
14149,79
8505,2
17848,15
16392,57
10021,20
13344,68
11692,26
24885,42
40295,61
42155,23
40423,55
11268,17
17149,46
27351,27
53717,28
16943,61
43144,75
41046,38
12359,94
28269,76
4181,34
49315,79
47324,22
12987,78
2648,76
21841,33
6673,54
29113,48
10936,49
26846,11
40472,30
32300,16
43562,51
37121,62
27094,44
53569,84
10994,24
4884,20
50898,13
53319,85
45947,7
32242,87
21986,6
47242,99
6054,50
39846,45
38834,44
17523,30
29376,33
19026,99
4401,100
36838,7
17851,42
41545,55
15597,31
42144,27
14449,36
48762,77
31932,19
23209,1
10883,49
33802,28
25584,42
29659,89
30202,1
6038,86
1640,36
6499,53
13974,83
50076,95
44976,15
32596,97
47282,83
42853,61
43281,33
51890,76
46423,87
234,46
6548,48
6595,4
43566,86
44802,47
37720,51
39995,78
33208,86
9901,11
13294,54
52435,100
7752,71
13824,72
39358,68
52936,61
48964,44
8043,15
30106,36
24056,22
44719,21
25621,70
12776,19
48246,48
27487,84
51860,86
50249,91
35843,76
23482,8
12210,92
29092,72
48282,68
52944,54
17040,99
53250,13
8,90
10854,3
23954,45
21715,2
31765,69
16826,66
9545,55
17542,71
37976,23
19312,16
13821,16
15394,54
36968,8
24610,94
50069,15
3882,50
24515,87
39385,32
24853,4
42410,25
30370,38
42622,91
43352,86
52301,73
6397,13
38201,46
37861,40
22960,61
53407,94
33920,57
12395,61
42699,69
30818,26
26629,54
15095,15
43616,63
20015,54
29495,7
7921,3
32228,19
46971,22
32405,44
27979,51
25484,2
34756,70
513,15
6741,99
31216,96
22012,42
21419,25
4878,49
11650,95
34863,20
21166,7
8889,21
20648,27
53057,5
27879,92
41458,35
64,63
3000,97
30421,2
12572,42
9312,90
28096,88
43870,82
45493,47
39171,24
3404,65
54515,19
7767,22
5274,14
23256,100
22324,82
27854,66
45945,59
32088,60
44507,44
3377,53
15911,34
50856,25
5814,86
50851,92
51335,38
16631,39
46475,53
11640,22
28368,96
31159,19
23735,61
9326,89
16450,42
45926,33
42121,29
4724,37
30324,79
36802,30
46476,92
25281,26
33849,58
43876,9
44614,52
45336,96
32943,20
40453,86
34093,56
47540,47
3705,51
50478,86
33705,10
22896,74
30667,17
52303,18
19717,34
30984,22
45038,2
35400,67
31042,50
24557,42
30689,36
13249,51
19511,10
7120,56
29808,59
26517,52
23165,43
25042,47
46337,17
34825,48
40815,40
1690,100
15689,22
14756,33
23133,29
34090,27
37864,67
5804,26
13193,60
21703,70
28211,44
32884,4
38294,52
4410,20
34939,63
155,32
3795,23
9658,9
10313,7
23963,28
17233,63
13654,27
38097,87
18607,91
38192,48
18983,60
15544,64
11763,25
5030,50
3512,66
23035,1
41363,53
22656,81
32850,30
34496,9
8890,70
6146,77
29548,7
21665,96
35715,62
18527,49
43289,3
45912,77
4749,94
3347,17
3652,94
39143,29
37114,26
30145,25
36866,19
9595,82
34333,54
10987,67
34400,15
35177,85
39582,43
18435,5
17477,4
17270,91
48714,17
39425,86
38321,23
45312,51
16814,81
45243,90
33897,74
23750,92
26776,23
4162,40
14368,15
48790,47
16368,39
36241,79
46357,10
40887,21
24586,81
16616,1
36227,90
13164,57
46685,15
43594,73
40207,72
6641,7
33329,53
44645,19
5460,20
10724,70
23820,32
6901,87
37796,58
33899,20
28854,65
50958,40
17345,2
18217,36
9426,38
45393,73
27080,5
10669,92
24469,93
33552,56
49925,43
50451,92
18351,99
47153,12
39311,71
27166,16
40775,17
11856,64
16796,22
50312,54
42014,36
43234,51
24977,49
29480,94
29189,8
39823,89
33203,56
46505,18
5828,87
27254,69
6681,81
50540,78
46454,43
29894,5
26126,64
49691,7
23687,58
44844,17
19189,72
18595,38
13496,22
25181,95
54060,9
53077,11
41192,88
23824,77
10976,10
46045,60
18350,71
39916,48
38831,91
22009,10
39997,30
19132,60
21093,97
14158,76
21914,70
24010,24
33309,43
41529,59
39849,45
40483,35
33182,84
33575,84
19836,93
41122,50
41882,70
36419,24
32847,5
4793,25
35908,40
42224,28
7073,12
26667,49
27168,81
35685,97
10733,40
5363,14
21384,78
20495,12
8470,63
49298,61
14033,24
12355,32
42338,91
43297,53
53019,81
7011,59
12489,34
54243,6
41453,15
47038,73
48664,76
3659,67
10323,59
28969,75
7417,76
19531,27
19266,92
51532,79
50307,96
53477,82
19402,52
21884,73
20150,76
24432,64
46367,17
12574,29
33332,40
24979,74
21793,59
29775,5
29254,5
21783,12
10197,89
38301,23
45685,90
12817,79
49,74
41565,8
51072,42
29622,79
47087,54
41339,90
11131,2
10359,39
47713,12
30322,73
19188,88
17880,97
25231,30
34222,2
4539,3
8910,13
305,24
43630,5
31528,96
24790,74
26293,47
16129,55
17736,73
36458,3
1341,2
265,75
10478,34
12159,16
14148,24
20013,60
8459,81
48896,62
40084,40
15068,58
12136,5
3408,53
30188,1
8594,37
38290,30
10552,84
22208,19
46917,82
22568,82
25836,72
39580,95
30570,77
5649,66
39377,59
48379,29
2922,4
28088,15
12123,46
27469,18
54345,33
21660,19
40997,83
28428,86
6865,37
26711,12
37515,43
6436,93
34934,51
14698,14
44272,46
41330,93
18600,55
18824,85
13869,27
8338,7
48140,61
3215,33
11526,23
21363,40
14856,67
8281,5
39460,53
43762,4
48666,5
10078,51
2003,71
41304,49
34454,74
45940,94
10476,95
14464,62
33928,94
41207,49
13311,56
25330,30
29275,84
4794,51
29379,40
2106,66
39826,6
9748,50
47810,82
8768,86
21387,80
19786,76
35502,22
798,84
45657,86
7074,21
9611,67
30462,92
36734,38
2911,5
41698,47
32483,71
47113,94
14414,22
53449,25
18774,27
54004,19
27074,40
9185,10
11534,15
6762,88
44185,35
19324,88
11327,34
41323,82
11854,93
34537,5
28119,73
50631,99
678,33
51119,42
9904,91
8809,46
36683,5
28257,28
39324,47
21381,39
1509,31
12471,56
51970,8
3024,35
51033,100
33333,36
8138,48
5799,53
38730,87
1332,51
45218,95
36121,95
39508,71
43151,20
50885,2
26169,93
18465,50
28981,24
8180,23
20009,78
49893,42
46327,78
40567,25
30015,80
9857,47
13273,11
48123,86
51389,56
31852,89
8932,17
26084,92
6464,67
30843,10
18433,17
8464,44
41210,55
52526,81
33650,26
7830,53
50475,23
37807,84
3866,87
18271,58
45171,97
52633,40
3095,88
30216,4
46264,31
8052,37
45856,11
33938,15
5863,15
40154,93
11080,76
3144,84
2273,71
38660,72
13736,96
44081,64
6714,18
35964,86
51433,69
7951,29
15006,72
24620,81
35310,26
29296,23
38772,27
24311,72
5437,85
52575,13
12533,71
22658,16
36000,71
21469,4
6672,90
25702,24
26636,55
11161,80
46025,91
22055,88
23190,60
6526,32
51545,5
40814,42
9241,13
17406,19
34732,83
13052,1
44001,5
32695,78
23870,31
2222,63
29069,12
37799,87
51200,91
17073,31
46311,42
34355,67
16020,13
33065,99
32070,30
46350,55
7651,2
3814,85
49358,39
41793,53
32644,12
8395,83
54434,87
28414,84
33088,62
47518,32
26628,100
28604,58
48665,70
25838,99
37866,56
24418,42
16886,2
52344,99
3127,58
6887,32
17544,74
26989,20
28893,29
7014,33
48313,69
46056,77
30507,64
48120,10
23654,67
6154,34
22438,80
26036,39
38659,28
45168,88
8284,99
33973,97
33212,73
49972,57
19508,54
18988,53
13836,41
51666,16
33630,86
3433,1
49370,57
8945,81
13018,4
34593,38
32009,67
12451,40
29138,58
46643,30
21330,74
8604,93
17003,98
8286,3
8810,92
37246,41
13396,65
16358,82
15331,53
25808,2
16953,100
22124,81
24559,71
51074,65
3199,53
36639,36
23053,72
50306,96
4139,79
19669,88
18360,100
20064,91
51111,54
12922,94
40253,90
26449,58
39830,54
5272,53
7527,71
14129,1
54059,2
22305,75
46548,42
34656,65
42351,41
50456,100
9992,43
29851,10
801,55
8904,36
4609,30
39901,76
15885,36
22397,10
52052,33
36731,78
47519,10
41817,33
48196,78
42845,31
5066,19
47963,93
19956,57
43950,21
20953,21
5674,32
32601,89
4726,72
53081,53
13070,7
30506,6
8398,44
38382,56
50658,4
12094,68
18925,74
1238,95
51413,64
31792,42
9068,26
45889,50
35123,90
52771,65
18615,97
5791,68
16161,79
37847,41
5219,36
38849,31
10926,82
22169,53
4014,21
288,41
20021,24
7890,40
8927,72
23619,42
16253,62
50869,21
12772,5
32615,56
31460,6
22919,44
14902,43
3078,52
53842,8
33901,83
13963,28
43987,50
10106,11
20159,38
22121,23
19584,49
1338,49
23301,48
24804,96
30251,78
6627,16
44008,54
9631,73
2113,9
40506,13
15096,54
39153,71
20701,37
41233,10
15889,64
9299,52
17923,19
15750,77
20549,33
6972,10
5385,91
17349,71
13787,36
50725,47
45063,20
30320,87
7199,90
8147,97
43560,79
23801,81
8906,1
4155,52
27104,25
2,1
53025,39
10199,9
35240,52
520,53
800,90
17239,44
14087,55
37639,59
43960,94
29875,15
36799,3
17203,17
34749,91
19565,99
12095,25
16632,96
46867,72
21220,94
6228,24
30592,64
37341,62
10269,59
37747,89
22115,61
30418,55
25210,87
21891,43
1291,3
44582,43
43187,56
27349,73
22081,65
49414,29
39384,26
48550,67
50529,1
11768,15
49306,74
46478,60
41736,24
11363,44
34115,45
10153,77
10333,99
38595,73
52819,85
8247,12
16779,20
9211,75
19339,41
25752,43
45191,49
44034,86
14634,71
20797,5
34691,48
418,85
49598,95
37185,89
45456,95
5085,17
40507,20
13055,44
44586,41
51345,30
35120,10
20715,24
4781,73
26713,73
52632,11
42807,41
6230,98
50134,90
24221,100
44398,40
24544,11
49233,95
37211,39
10530,20
42600,46
36340,12
18074,35
4060,88
29628,21
46868,4
53050,40
1740,2
44093,34
20751,34
21691,7
25071,93
17273,60
3020,72
21481,73
21051,6
16768,77
10894,99
39300,31
52501,8
26196,59
39774,96
40741,99
47272,9
45197,35
27724,49
22097,90
19309,47
37494,93
28236,3
45607,7
19227,19
18655,14
4678,18
40929,39
46909,46
23690,73
43563,85
49262,14
23505,96
3559,69
17139,54
21906,94
28714,43
41799,64
43291,43
41179,66
26910,18
13494,93
53928,38
45261,84
13212,87
13267,89
46815,57
49524,76
14084,4
31312,8
40348,58
21235,36
9127,32
35230,24
54417,25
36929,16
1029,13
51076,57
3917,53
7111,75
4126,17
24972,15
37377,11
54520,94
25502,2
5336,21
52744,65
18786,43
35428,96
53774,29
8392,89
26868,7
45181,85
19781,28
34300,58
11054,65
3754,88
52292,49
7354,19
18283,35
17532,44
40309,61
19846,58
14699,51
18690,25
24154,54
28182,78
40810,56
45169,74
14636,95
14217,80
40932,27
18406,100
1563,33
35381,81
48539,74
29383,73
44977,8
11851,67
39040,43
12535,75
48961,32
37472,87
38788,14
18863,74
54116,58
9145,54
8045,60
11612,75
27591,68
7996,87
45436,14
37285,50
52994,93
9146,21
15439,82
2446,47
42990,23
49416,10
21202,57
37047,49
19561,70
9863,2
13286,72
50439,58
25762,57
37197,100
28000,19
53497,39
3892,64
1747,13
22052,75
31020,79
7867,2
19373,81
45090,95
24213,47
21943,74
2920,31
6163,6
1183,89
49712,62
16873,1
21062,97
44149,65
46753,49
25588,18
36229,39
30481,62
43220,66
16501,86
2326,49
5074,55
1431,2
33308,99
19341,4
5273,20
8348,45
10713,25
19183,67
168,52
1729,73
24645,11
12074,21
13537,95
45734,95
18357,65
16008,4
6100,13
5795,30
11372,69
36445,65
29204,19
45126,42
41469,79
38443,12
24158,42
23947,78
20561,44
15222,39
32635,5
7140,9
42196,9
28544,18
53833,62
31518,66
1212,14
20571,72
16459,98
23700,16
10950,10
16998,23
41121,9
1719,71
36141,98
24206,40
33079,45
53434,82
21999,96
12468,84
3228,29
11227,83
24585,100
39682,74
43759,21
33049,72
6082,18
29055,29
6963,20
3887,9
27749,25
53703,21
13929,29
14669,96
30185,37
39229,23
32109,79
54512,41
43511,29
30408,43
3073,65
3430,18
2835,88
34292,72
13765,16
14541,9
30978,12
11283,100
8631,62
26340,27
11233,26
29454,75
12988,35
38842,73
47943,77
24716,100
48903,32
49168,48
23518,21
28595,79
16607,39
9390,24
28939,45
29265,4
41735,83
36037,88
23646,95
39526,40
43209,36
38798,88
11816,100
28784,17
10843,92
30043,99
19459,80
40325,82
39937,57
14844,67
2346,61
29772,84
15086,91
47294,82
28751,88
16870,96
31424,39
30802,62
33471,21
23021,59
42803,19
45034,70
26621,73
33636,57
19150,7
31241,6
29033,48
31696,29
14133,85
51419,66
43419,97
36266,73
26054,32
49246,98
15151,55
32326,54
52597,83
53390,43
17311,100
49388,16
25945,60
13621,57
33482,29
152,90
7616,52
36553,35
50722,27
45502,13
30244,57
37441,98
25797,7
13489,76
6240,31
19287,6
33969,49
47463,99
29483,61
39010,82
50961,42
53709,85
22964,15
35943,56
31260,97
45184,88
42832,29
8613,37
5956,48
28592,35
29944,38
44959,31
14345,7
23310,44
41040,56
19813,81
16783,52
17540,20
289,42
37995,48
12994,35
47413,46
3639,8
10471,80
19076,22
1438,16
15677,37
29819,56
9788,31
37952,47
24653,53
12205,6
28378,12
34638,19
53895,62
8948,99
38911,87
9791,31
31344,19
4873,92
14237,27
49394,68
41648,28
8520,14
20779,9
20914,44
45744,33
28879,25
39007,93
6465,19
31886,51
15765,60
50380,45
15900,27
8081,34
47430,22
51825,23
11691,38
26110,78
47591,52
51170,14
36181,64
19441,77
22793,46
5713,65
14518,87
39483,17
37710,62
43998,58
40606,17
19421,79
8903,39
10513,86
1344,89
15782,56
38374,70
17944,100
49539,29
16851,71
9429,40
28961,71
1832,73
40190,3
5310,59
31079,45
7962,59
19993,29
53242,80
27720,9
30854,61
1882,47
8379,48
32710,89
23989,76
12910,6
7943,64
35624,79
26128,9
41862,95
39725,79
39643,23
5606,38
3412,86
48101,76
34007,35
43617,81
38865,60
3873,11
40489,74
5698,2
7552,94
41206,23
6156,66
29887,64
27913,63
11522,18
19574,98
5506,69
51578,28
49719,20
8231,52
47227,92
12372,82
30424,68
23409,86
54129,76
19079,67
33143,34
44843,48
20324,6
25131,25
24592,75
17072,9
6826,56
28923,96
8262,95
4396,37
18316,17
37410,10
31533,82
42680,69
6168,46
53965,58
38407,91
40608,91
31163,13
43176,10
52718,28
31929,52
13571,36
726,62
3539,88
46110,2
6167,97
51162,85
50459,10
19704,89
52452,51
3648,93
49387,20
12018,72
10683,68
12559,69
30053,4
25239,81
21213,34
43670,5
23260,8
41530,62
34686,40
46032,97
48882,99
42641,34
32075,9
20502,77
38947,41
51370,1
7670,84
7543,30
44498,42
8148,15
4163,16
48509,61
2332,57
38379,18
25690,71
44765,22
4795,25
14959,39
42442,83
35084,83
17362,41
35511,48
14377,47
51356,12
32832,74
43871,53
7385,74
41533,27
40813,28
20560,65
40239,87
20315,49
38439,19
28332,75
26201,55
11353,45
13172,9
25535,60
29267,68
509,77
12990,83
3186,51
34757,32
38204,74
16228,10
46965,21
22978,93
5559,53
16535,25
38655,42
47021,41
49877,22
20505,64
8695,28
50693,70
53927,31
42999,78
364,82
30679,41
13865,62
43912,23
10384,26
6284,61
41804,54
42030,57
15862,23
18705,20
9268,52
47283,26
22621,61
38832,7
12432,64
11404,14
21907,46
42775,28
41004,25
21136,86
40442,60
5975,56
12389,21
47800,85
51071,61
35596,79
35759,17
22784,11
47174,54
46419,83
14211,54
7380,75
30975,15
14910,15
49800,93
52028,66
6256,89
19867,53
47606,41
43936,83
3407,29
268,17
40693,47
45647,61
33725,3
20666,90
15822,11
6198,45
48613,17
1133,85
13616,60
44113,34
51443,29
12672,51
36409,49
22212,86
27420,31
43272,99
16811,54
36288,50
1111,73
19740,19
45642,89
32110,69
6409,13
33231,67
28691,82
34870,58
8083,57
53254,26
38621,89
24806,75
18137,26
42257,16
20022,55
45488,84
51116,24
51952,10
7054,23
14570,100
7756,5
258,98
33799,41
21908,41
22818,74
26360,25
50466,25
52732,63
50164,89
47806,24
14710,34
29667,60
23610,8
16056,72
28279,38
18331,92
48618,63
36792,51
28608,69
30869,8
45284,7
47990,16
28630,58
36392,51
9598,17
28134,18
4919,18
32691,38
19762,31
8229,44
37387,89
53541,38
38807,8
2343,68
52676,96
14431,49
9233,14
19054,79
1277,35
18882,38
215,18
37795,14
27249,46
17694,91
15041,39
34401,95
4299,96
18884,99
23717,50
6783,3
49257,86
35567,1
20240,76
46473,27
6079,89
28814,46
30664,36
38280,70
16009,87
34121,67
21995,63
45953,47
53290,9
25720,69
713,17
40241,84
49310,54
18513,69
591,75
44018,55
21460,58
42315,41
41521,35
27830,20
34140,79
47428,66
36455,48
38384,63
51716,1
6545,82
35178,58
54068,97
29451,96
3145,70
36029,79
24362,52
9061,94
40817,70
10993,73
7138,20
527,44
45236,100
46951,37
47397,33
41346,88
32035,85
3292,61
52299,46
35495,21
4780,93
33841,2
10209,19
13697,99
1802,80
53312,21
12818,85
17859,94
1439,11
49222,16
49308,55
24157,86
28068,47
38105,51
31887,100
11069,19
2390,28
26164,38
2396,5
52497,12
11842,50
28322,31
48967,23
13425,4
36931,2
52541,33
16308,50
32520,79
34800,34
47483,81
41251,88
27172,32
42178,70
19588,93
16688,89
48605,60
53436,12
50097,14
20005,35
50976,8
12573,50
20939,7
42774,73
1911,75
2624,43
14790,45
26077,60
5887,30
45617,67
33340,11
47750,11
28169,25
45871,37
7933,11
11295,18
36061,26
27558,90
28435,74
1242,49
510,61
230,2
9100,22
51179,38
13159,71
3368,55
15897,95
49844,96
17146,68
26050,53
47521,18
50582,4
42362,4
38207,89
40370,24
49468,5
11373,16
20207,36
42019,74
4109,83
10719,67
39625,72
49966,29
32837,55
13170,72
20568,93
23857,61
1444,42
28783,6
17615,96
49792,37
3487,12
12854,67
47775,20
45292,26
7031,36
32216,39
21796,49
14153,73
20787,87
37393,52
28764,94
15580,71
10320,48
4782,37
24648,64
11378,64
39136,90
12897,73
30961,34
40738,85
28605,52
3050,79
23807,41
24561,87
3207,69
12398,50
18135,74
41867,9
43427,14
14535,70
9721,72
5805,87
11785,33
1703,50
42777,67
5165,9
20284,78
42733,81
22118,49
37120,36
17271,94
21904,21
24165,10
44341,57
49124,17
38560,74
30453,96
23478,23
8867,29
31723,25
28104,49
44500,21
43597,33
23930,16
39255,47
36580,66
21219,8
16687,36
573,22
39557,88
10081,56
14302,89
17901,36
7230,99
2080,83
27793,87
7834,17
37265,31
13026,75
31579,85
26448,99
48190,16
32658,88
5624,78
12345,71
3413,50
12529,23
54048,71
43852,12
13862,28
12394,47
20026,10
36221,33
4131,49
25139,26
40867,19
52038,64
26618,99
26590,84
15327,61
41571,21
19109,27
12017,56
7365,4
16289,97
44594,21
39908,47
51100,71
6045,41
9677,26
46088,27
29675,32
17218,97
30763,59
37293,18
19941,5
14504,33
17830,34
25882,47
19473,56
20003,87
50875,23
41509,54
11482,53
16776,19
24680,19
20127,100
15819,87
40615,65
16863,57
350,11
3865,63
21791,24
20498,55
23828,88
13190,84
37680,47
7221,16
51346,42
2281,68
8793,35
36752,16
6277,44
20125,20
18609,87
8199,28
11266,70
35332,34
15645,66
932,45
31452,74
21158,51
50343,72
9520,47
34804,45
4704,55
24827,10
50833,2
27542,60
47763,76
51512,17
26292,21
22770,90
34504,55
44863,81
21473,47
4432,5
10186,56
1031,63
6066,59
6721,30
1988,24
43185,47
37037,41
41920,93
48987,4
41417,75
26410,66
35207,70
19605,5
4898,24
43171,88
14499,25
32801,83
40525,40
10233,38
41269,17
8751,51
20012,15
28885,36
20570,1
8084,26
21693,47
26273,64
12839,44
44744,92
38029,74
37788,92
6590,63
10473,10
12725,75
26041,10
50907,44
7850,99
33968,90
44578,51
30609,63
22,50
36234,34
9317,1
14754,84
15138,48
16935,96
1380,59
12555,27
5565,7
48385,9
8121,67
24516,78
24380,20
3016,43
52334,66
14336,95
42145,72
29367,36
20114,43
20635,18
38368,32
32821,15
45962,18
33922,35
10336,73
10483,32
11940,54
6273,28
43821,53
22801,98
36748,7
45567,25
28272,22
44267,28
15632,83
27318,34
13253,23
30853,17
13112,32
47986,36
10039,33
1355,28
41531,30
18778,39
49965,87
27673,71
52356,75
19724,24
29413,13
341,31
34944,84
42190,48
8549,21
11679,57
20310,76
1258,72
49108,73
23333,76
1247,45
54166,23
22809,93
30716,100
11888,78
34299,66
19501,74
4343,48
45615,53
45167,36
49612,94
19427,47
11700,56
27864,1
41622,31
41695,55
15040,27
8053,63
37830,99
5829,89
32770,88
16999,76
2378,70
36993,68
25645,53
4534,43
27414,72
51062,34
43193,11
45800,100
43158,71
53220,52
46911,9
37967,92
22550,47
7755,55
2168,4
27699,13
31183,46
33446,18
41887,39
50250,21
3937,36
8860,87
12757,69
3065,72
32388,4
37928,59
10111,56
17070,97
9334,92
30086,76
26417,24
32828,71
52920,17
38456,37
23222,9
5627,22
39836,25
27858,25
13195,62
50662,10
44347,9
17408,20
24769,75
2169,74
48414,46
46052,86
13866,19
34384,95
11047,3
12588,13
9659,66
3874,88
39263,96
43221,96
14807,55
50749,12
38266,80
41016,78
18264,78
38231,71
54358,78
53632,1
35716,82
29777,6
36938,95
36850,16
810,73
8496,16
29184,7
52492,39
4461,46
12157,11
3509,28
33815,72
24464,37
22239,39
12141,10
4770,97
16580,64
34684,80
38625,66
374,86
18025,89
46361,31
25819,72
13104,33
35722,29
29160,25
1708,84
12354,54
28815,43
11035,42
825,83
41264,73
42072,60
24084,32
9153,17
33249,9
33640,16
47587,78
30073,4
23328,86
8386,16
3169,36
36859,1
7411,88
49164,1
13647,80
50304,28
26333,4
17403,24
35088,64
5686,23
45881,12
17322,9
53528,57
42177,87
16633,13
10679,73
3160,19
31447,18
11916,17
43545,81
40888,47
10916,87
40549,31
48614,27
30375,23
14936,95
28419,86
54588,57
9277,4
36457,52
43835,99
29484,68
15780,86
51852,17
6745,38
32899,8
15087,94
20994,98
31192,74
20881,55
20402,78
40215,72
28202,31
33553,28
44673,18
33243,68
10593,17
26688,29
45777,45
31330,60
41441,11
6987,74
34585,13
42400,78
37007,84
48566,98
53555,28
45614,100
30119,98
41627,74
39006,68
20656,75
39389,65
16537,96
49752,16
3112,16
40913,90
14093,23
48228,86
15598,88
30087,4
22022,38
13461,4
44271,24
41147,44
41988,99
12446,18
50056,77
45094,54
32971,61
32880,16
1092,76
14147,89
18424,85
3804,31
33067,33
17135,16
49154,9
41504,12
1641,84
47590,66
14386,73
47436,64
39108,47
15820,20
9229,10
31749,33
19182,26
34584,21
16684,44
23878,79
41797,37
35707,19
21897,72
36339,84
14141,99
37378,82
7024,56
36673,1
14151,12
4672,5
6731,7
37692,17
41515,67
40350,84
30844,72
18354,61
41167,95
54092,76
46581,29
35175,50
51939,32
30993,14
24145,96
30580,77
52879,7
1269,45
8400,80
3870,92
23634,86
19728,15
1359,73
40799,21
12406,98
15062,90
1709,4
33442,79
1705,64
5251,56
14753,90
27215,54
54425,69
19611,96
19978,74
15189,34
36756,32
2151,21
4424,58
17443,81
34906,63
49046,43
14526,36
32806,92
24407,16
44120,33
45125,21
51917,85
45976,47
27182,96
50245,2
22138,13
48770,92
3481,20
49733,44
19098,33
23892,76
37302,20
27075,72
43911,22
48407,64
40304,56
52066,11
49671,65
21078,94
45575,52
44890,46
41476,17
13567,69
225,39
25538,58
33085,23
45138,54
18355,19
14805,35
2220,99
54365,42
39214,69
5359,13
22309,51
17817,76
47592,28
48799,19
21633,95
3113,82
19769,34
54149,88
47693,74
34842,15
15143,22
5470,27
524,99
27674,94
21385,52
47994,88
35397,22
28113,93
5291,91
35143,13
34553,66
33655,51
11088,91
24268,80
39537,16
46804,8
11316,15
5594,70
5252,75
25803,39
3371,55
5813,32
50844,40
45618,95
27098,62
48668,82
4978,56
31338,29
10421,82
16675,16
13204,88
17416,28
21421,99
43976,64
40680,21
24859,54
10383,80
38202,65
30306,76
23110,5
6315,24
12838,4
20837,11
3333,39
39509,3
30808,29
3713,90
6184,61
51915,6
4426,70
17211,14
48826,64
2939,70
15215,80
53276,65
33639,95
37071,88
35570,74
23961,40
35605,38
28242,32
4372,21
17337,76
2153,96
20001,43
22119,88
36202,13
9896,75
30665,29
23708,38
32804,99
24666,73
25006,99
47952,62
17838,23
37287,24
54407,37
33481,9
10048,17
32004,78
50075,46
43674,44
9994,2
31218,40
49119,70
36352,79
42996,69
45186,90
26817,41
11824,49
34201,92
1947,58
31678,72
6124,65
36522,60
34952,75
19310,79
6052,22
17623,97
30979,23
35620,58
47600,56
46645,66
27064,74
29199,36
34026,47
16867,99
15593,43
3075,71
31818,23
35863,8
53178,3
26303,100
52295,46
21018,66
5152,79
30518,49
6588,84
19938,35
14909,50
13962,24
50968,34
34693,37
53712,53
20974,96
2215,19
26792,16
48888,53
15886,96
11799,23
4125,82
43964,46
36336,72
21792,51
17177,66
13493,91
50449,47
4040,78
35613,20
521,31
47088,28
23273,48
46669,99
36803,7
29381,11
18080,32
266,76
39918,66
29948,41
28352,13
52133,87
20492,10
54304,73
33196,8
44016,28
40950,97
40035,86
40938,92
27322,99
44934,66
17275,29
26783,46
8145,8
3261,55
32038,21
28380,53
28522,86
41086,47
40724,20
42296,10
17219,42
27866,23
3574,92
38385,6
43901,51
22673,75
6581,38
28057,57
4893,32
16468,30
21245,7
17373,35
44079,99
19085,14
32025,64
40237,50
9418,58
26122,61
18342,29
26223,20
15085,44
17705,43
31284,74
30847,53
4391,19
11367,45
14503,28
28027,93
49171,97
22749,81
42749,83
39196,24
6503,58
16586,52
38399,83
20254,71
11085,59
42610,48
3679,38
20171,88
31643,19
38907,44
3540,43
36186,83
35725,66
25144,37
38812,41
37284,34
15230,45
526,57
15403,57
40324,92
20008,68
2947,25
38302,97
1750,59
47124,90
21470,23
9954,43
54241,93
10569,62
47940,86
423,36
16295,56
9885,55
28642,75
31786,61
37717,51
10029,11
40494,51
43539,61
29869,86
43149,1
42938,79
43440,70
52002,78
29549,27
21772,47
34166,84
41413,45
46371,7
33173,77
28261,94
16471,2
45963,6
41183,9
638,41
51258,44
13653,18
19844,57
29036,96
37855,36
17921,50
19190,97
890,98
47341,23
6224,88
24987,23
28644,48
29089,87
14672,91
16954,66
36716,89
18590,72
48045,24
51819,98
33934,27
905,7
42147,37
49615,33
46933,32
39626,26
30218,6
26658,3
22245,24
48608,73
7278,73
35243,82
45162,67
24558,94
14124,59
42180,83
43836,65
26853,90
33598,77
51979,79
48617,39
46750,73
17889,34
54352,75
24270,19
17533,26
38928,13
13020,41
8230,61
78,87
11850,7
42695,75
11992,56
30181,48
24556,49
40338,21
8607,67
9118,62
52477,99
31290,8
40448,62
10242,78
48828,29
32358,2
42631,12
43276,6
42809,75
20913,94
42654,4
35264,14
5356,19
16177,87
16044,37
39898,56
23499,83
52456,60
7672,6
36255,76
43967,74
20027,62
11143,4
50883,38
49125,38
44114,59
49397,23
34168,64
14533,22
39681,7
2664,67
5088,91
31973,100
35783,68
37457,94
27208,56
12844,70
39200,49
11137,18
29053,38
21231,79
32719,24
1912,78
37164,8
17107,27
1410,13
12164,39
37771,83
42458,27
25716,9
37617,4
1822,39
48748,71
821,85
7360,82
45605,3
4417,64
46469,94
31711,52
19334,18
10522,64
22411,70
18437,98
8798,80
8103,42
17037,77
24062,38
17878,97
18781,54
31548,36
52625,77
23503,99
39142,39
31342,98
14724,9
6669,41
29950,18
19541,49
39155,9
20062,3
16589,57
8486,42
45510,24
20574,7
31893,2
52008,79
956,67
36451,28
47016,41
44077,33
26699,90
37307,41
31951,65
2775,71
24216,10
29417,36
46028,71
17875,46
20896,61
29460,22
27036,54
2749,41
40007,32
43042,38
6897,5
22444,12
44974,2
9597,37
44993,70
31923,73
15163,26
47414,84
52588,51
48898,47
7464,18
25140,16
50408,47
17469,30
46477,58
17087,97
21896,94
24960,74
8928,81
40865,20
52092,50
36912,78
45732,75
17945,6
7643,71
22945,5
19360,20
19075,51
40729,12
6541,53
37486,27
6272,61
36772,48
53805,70
45132,43
14126,21
28149,89
11672,73
39819,73
1745,63
50822,9
1725,42
40895,12
51577,15
27010,14
40731,89
17770,19
22434,29
45140,47
9206,82
21775,33
38250,79
1371,55
31266,86
1333,94
1942,35
42323,55
47855,87
26703,10
21640,7
2402,100
49022,64
36345,79
6358,35
11946,50
8619,40
28957,84
41790,39
13702,93
2669,40
39685,61
4121,32
35057,27
48416,89
16191,53
8046,61
22820,61
12202,86
18043,51
27890,73
24237,92
37764,90
45423,91
15236,71
9858,98
27578,69
30673,53
2796,78
30625,79
35384,35
8011,13
6385,57
32649,23
10464,35
15429,2
46721,4
10844,21
22136,79
47657,65
27986,10
42773,22
35358,53
4142,61
2754,2
21501,32
39925,29
3234,80
40340,62
34787,50
13428,42
30949,54
23028,12
11392,52
39855,15
25674,40
47527,32
22829,29
1840,34
52178,97
20000,56
32523,89
45392,37
36973,43
54192,76
49611,41
11972,54
9818,19
13867,34
54323,42
6578,58
36798,16
49261,30
1661,91
30550,77
39283,7
51640,100
52635,64
21459,99
31339,95
32108,14
40570,73
53041,98
50437,11
10360,41
35702,23
45384,62
9933,5
30512,8
15393,93
54245,66
6589,62
8354,67
23509,96
13019,27
3115,35
44580,66
15326,8
40339,34
6268,45
39271,45
20234,70
41278,20
1684,82
41945,60
3747,57
2846,43
7004,31
21422,13
24812,57
32479,75
17908,45
14017,90
14830,31
8227,61
3860,18
16328,5
41641,3
30092,28
1246,38
43080,90
22765,17
23737,68
3406,79
11874,16
7069,69
32396,35
20245,65
9420,72
54031,49
926,58
1132,18
24171,36
2822,44
34845,60
35390,96
6804,73
38657,75
11861,67
43992,1
17996,55
36274,15
11371,50
26903,3
47146,16
49858,93
46754,46
39320,49
40337,13
42764,25
51868,94
50594,78
35047,50
28244,35
53199,83
16994,17
22874,21
10907,47
17931,97
11191,96
10435,87
35416,31
14064,84
24445,27
5149,50
6321,6
51531,39
47402,89
913,62
16452,73
11091,69
26955,57
50458,83
39536,44
25095,90
27894,32
36793,73
13816,23
37910,17
24233,17
17439,54
2943,75
14355,18
15968,74
523,66
48960,82
5181,95
26466,11
19226,74
37899,62
37218,32
45474,79
27197,8
45385,33
25829,3
54254,48
36684,68
29148,22
37203,88
21423,37
33108,67
18087,64
811,14
616,22
29743,14
16444,81
20361,8
32499,4
6744,80
47530,1
41276,6
34555,71
3707,47
37529,70
43816,11
38628,87
53482,82
25943,67
8787,62
53408,100
4523,3
47092,79
43343,68
36252,91
35352,72
52577,8
13740,42
53800,91
43364,15
3483,10
32022,51
26209,45
43625,84
48502,4
33323,9
4356,99
34066,4
878,23
8900,92
45782,80
12916,10
36283,31
31092,74
4595,93
22152,99
5455,20
346,65
35781,10
556,21
24889,34
2317,76
14993,19
33145,65
3715,19
36842,63
12275,76
28124,25
12668,9
45362,84
52016,54
39981,8
6280,48
18425,78
4911,6
9345,56
1662,43
32489,16
22134,100
34218,87
36513,85
14233,85
18880,80
25142,47
36926,50
51524,18
46021,14
42842,85
3295,49
10303,93
50498,13
35324,65
14373,16
53239,100
25194,25
29691,86
51647,79
40526,90
30513,85
12895,20
52605,95
7499,21
29964,50
15350,10
21063,10
51271,20
27387,56
53150,80
9660,53
5550,35
20902,27
6471,55
19780,10
5423,58
20708,16
3990,19
21023,16
20584,1
50461,16
7426,89
17199,54
27970,83
25656,4
35842,85
16520,32
3418,76
33878,36
262,2
49256,94
31239,97
15419,65
11256,40
37656,82
51582,21
25890,79
41082,12
53552,28
13441,58
1892,47
23754,93
39077,54
3033,31
21849,55
10448,1
19880,64
1749,69
38027,43
5232,31
28733,49
35232,91
1416,11
48469,52
17689,11
24282,91
8808,92
46512,14
7201,23
17281,75
39706,21
44172,59
6596,12
26483,36
46205,15
42175,18
29052,8
5254,29
53683,64
5350,81
53415,24
13046,94
10816,18
13285,20
35718,45
28243,37
35894,63
3294,8
50800,57
40515,2
32008,23
13878,43
14354,80
47935,36
1770,22
46564,61
51687,44
1904,76
33918,51
17967,84
26371,3
36361,78
29550,34
11664,49
5800,72
37013,81
28616,92
13708,1
4784,77
29308,59
16138,33
13735,32
11362,68
47347,15
28235,35
8683,98
45455,36
13300,88
47984,60
19264,64
49789,32
15304,14
23742,64
43123,80
45422,48
25667,41
35873,21
27210,23
37094,25
19428,76
34849,88
3177,19
42602,89
28600,33
2130,12
15807,28
48418,30
2994,73
7338,11
35839,33
24975,87
27175,53
34416,38
22555,26
52289,61
32367,66
43445,3
39758,15
2910,100
34013,13
26857,50
30816,59
41885,13
49008,3
20209,95
48911,64
7453,66
22931,70
26854,34
2282,75
1334,65
16189,95
4772,2
3556,41
43199,94
27513,93
50981,74
16299,20
46735,98
18708,72
1330,31
30963,79
10924,32
47380,79
46616,90
3380,1
19252,12
13612,22
39694,35
25161,6
30850,79
11539,9
38852,18
5454,77
6069,19
49081,15
14080,76
30754,18
26255,94
592,21
37392,29
12348,98
38021,48
12601,27
47353,5
19333,76
41527,25
18775,91
9796,47
14692,73
6895,6
12908,2
25285,41
10110,100
7345,94
5135,73
46391,95
44576,28
46345,40
36432,24
3414,78
27717,7
5338,50
33206,9
30715,63
31967,32
3962,10
24081,92
50469,14
15391,100
16338,85
12913,69
54132,94
44393,58
1717,29
44855,61
15282,47
49120,24
7080,84
8914,28
6390,88
49536,11
2309,16
45933,73
13043,6
17810,2
49791,33
26372,69
3120,83
17036,20
46007,92
32082,52
24631,65
4622,32
4874,54
4407,95
27416,75
48973,12
19969,79
12387,87
12185,50
22209,85
35055,20
50613,42
9144,55
35836,49
30942,86
24711,57
33469,86
6347,44
34840,35
15883,40
49614,33
7478,20
51070,43
50173,89
38965,60
3293,80
42744,5
12751,88
204,21
27173,3
31522,88
52162,78
43207,85
6903,95
46918,53
37451,8
36411,3
19856,13
27904,63
37010,6
17124,24
24459,56
35563,50
47374,66
46781,99
1691,4
14911,6
3528,97
28521,34
21169,54
2221,91
29655,83
5830,30
30060,62
35045,91
51066,89
31406,8
39244,63
51382,93
11969,72
50068,46
49513,83
30674,15
38793,29
50591,74
4132,42
5157,41
14884,92
12435,76
23197,49
8347,24
6703,38
19868,88
38383,86
37271,10
36804,23
31483,75
29279,44
3766,87
43839,10
19926,80
20366,69
44462,68
44687,33
43639,43
45572,1
35717,1
11800,60
2061,5
44714,10
48720,14
18209,65
47805,77
32146,88
21349,52
36922,98
45936,65
27393,36
51201,90
6639,72
26506,54
10514,7
38024,98
12353,1
47632,100
25418,39
14875,84
31716,81
7941,87
41260,86
16243,93
17952,86
13609,89
46200,2
9636,22
19197,20
24826,96
930,39
33516,92
15324,75
31214,39
31924,96
8004,52
9304,14
7301,40
39180,88
39899,31
145,71
6743,61
17570,68
103,36
39046,48
31705,56
10364,36
48788,51
7778,95
38289,24
37810,70
7743,59
23874,53
10251,29
6684,69
13949,64
42385,30
2560,68
19509,89
40943,92
7632,90
25922,2
18201,74
2496,82
37987,23
6138,16
14445,96
34490,81
13374,22
45273,75
19871,9
17999,9
19578,37
31938,95
7320,18
14715,82
15844,27
19722,1
24451,66
31937,11
22861,63
36578,82
10511,69
24163,31
30846,71
29416,67
9227,92
33978,91
14383,33
12277,34
34621,77
10772,90
41226,68
37426,31
12894,4
48949,17
51142,97
3498,44
23643,80
18838,45
11951,72
54415,17
30906,64
3683,7
32535,51
42805,85
27130,1
41186,63
21890,7
1809,93
2315,84
10754,83
41733,77
8811,70
5449,80
21684,90
29278,52
12967,24
28867,1
20104,39
23637,56
6846,44
13291,61
33801,10
15434,44
43413,98
11498,24
51536,67
52590,16
53082,32
6405,7
1113,25
2798,44
25439,71
23835,91
32599,7
4153,36
8244,27
40306,91
48833,13
2401,75
36318,97
47354,7
7220,63
18862,58
38859,6
52707,85
13830,74
50064,81
30449,57
12981,91
31133,56
35485,64
32582,46
1114,22
33384,100
12443,26
34398,23
33670,94
26354,33
19984,88
49609,33
32986,46
32758,51
15147,55
10755,52
51063,7
49907,61
9758,62
36953,39
23462,55
35635,42
33942,1
42139,64
29745,74
4709,80
11686,47
33441,28
53716,23
51922,89
53327,66
7550,3
2011,39
47290,89
47106,39
49969,86
42168,85
54278,42
34149,50
16016,93
34539,91
8405,42
42141,69
5276,17
25164,1
34157,59
10621,80
38856,85
34114,11
36999,47
21070,71
52341,41
22572,19
30423,69
17453,48
7813,88
26537,29
1119,61
36620,43
32099,79
30510,56
45267,2
589,34
29378,76
18100,68
45731,46
17241,5
9861,80
21181,80
52858,74
10481,79
50251,9
42176,83
40961,55
48069,37
32392,64
7419,37
32389,9
23302,5
3824,66
3675,94
31639,93
47920,41
17752,79
49258,53
10510,96
3246,73
53682,93
46640,79
42042,57
4568,13
24773,54
33524,51
8493,20
26557,22
35224,62
49734,77
40127,12
13945,70
14994,6
48908,73
43175,26
1322,4
27843,62
14632,52
895,2
40681,85
31734,38
45007,27
8847,80
23233,50
46134,78
4790,48
32306,5
45214,55
44981,7
13216,36
5361,18
50596,14
25728,48
516,67
45712,24
29830,20
21787,69
1041,59
35960,78
7346,39
51206,1
43198,11
45774,10
27570,77
32106,80
37699,49
33588,35
18362,75
31136,12
16772,37
13245,84
10121,97
708,42
52370,54
44410,4
13437,1
21391,71
12211,18
8135,67
51962,74
37376,23
7085,32
47000,29
6238,41
46818,9
34191,37
11473,83
42105,15
16192,15
30522,80
19426,82
22053,86
33125,67
7758,83
4972,78
28974,25
50157,49
54195,55
53773,33
33106,35
40089,61
20014,92
7789,15
14662,64
52428,88
19100,54
28241,76
46022,49
25689,56
40097,33
15089,5
28596,78
24234,72
16458,79
16356,85
23946,98
25252,27
29485,2
12280,10
17491,39
46459,2
4217,75
46297,39
6896,51
5689,91
15657,45
3943,33
35056,8
9757,93
22254,79
47755,22
47493,71
44705,22
12104,70
10840,2
14282,84
10624,82
177,84
52546,76
17387,80
15374,40
29656,89
43731,86
37217,59
50497,31
26462,57
54134,72
52468,41
7015,19
51712,55
32689,93
8173,57
35819,97
7010,24
48506,33
52770,4
20303,8
17215,16
52704,66
45684,34
53071,7
22730,94
53471,32
17008,88
868,32
13696,79
15005,7
22950,40
33248,76
11626,38
32201,44
34326,17
14571,98
4792,41
31715,26
38461,85
1299,100
8399,42
13660,48
4668,90
13415,83
35580,56
26388,74
44847,81
26347,33
40102,90
32033,89
32854,51
13954,20
33226,61
22987,40
52941,79
34890,48
6003,46
10193,7
14025,32
47268,2
36278,42
19989,66
20060,21
10432,17
38245,70
41812,99
17438,65
39082,64
43140,84
46197,76
25283,34
5874,80
18329,40
29051,93
9747,86
6557,41
25001,41
50044,15
12785,6
34322,53
41528,9
22371,84
48991,16
40678,37
5992,28
35782,33
12441,60
43400,34
23867,21
17470,50
47480,34
16927,86
22170,62
53706,98
16948,38
47224,82
51594,14
40200,16
38059,76
27165,62
49299,79
25831,81
4889,19
4851,17
49458,25
51876,44
33450,88
22511,76
23196,39
23569,73
21619,35
37513,12
76,29
5324,31
12944,83
10117,50
52755,54
31751,52
5531,18
14223,68
24485,55
34099,17
31403,7
10611,15
26722,97
1331,56
3712,60
8443,51
52890,34
48726,98
21696,68
53435,12
39693,72
11383,90
27282,99
32521,84
17963,77
11889,16
49731,6
6125,54
3803,76
14231,12
41922,35
14538,75
29140,57
51178,22
48475,58
14454,37
46514,88
29475,13
42871,8
40209,95
18546,60
38568,42
14127,100
37184,85
37657,67
12386,83
35016,28
5533,13
38084,32
35179,36
13657,18
16507,95
3647,46
50716,96
36341,91
42819,93
15601,67
50684,88
38036,72
45071,40
